"0","log = jsonlite::fromJSON(""https://isa401-import-heist.vercel.app/api/stage2?key=smithj31&seat=R1-7&s=A"")"
"0","dplyr::glimpse(log)"
"1","List"
"1",""
"1"," of "
"1",""
"1","5"
"1",""
"1","
"
"1"," "
"1",""
"1","$ "
"1",""
"1","status  "
"1",""
"1",":"
"1"," chr "
"1",""
"1","""UNLOCKED"""
"1",""
"1","
"
"1"," "
"1",""
"1","$ "
"1",""
"1","account "
"1",""
"1",":"
"1"," chr "
"1",""
"1","""smithj31"""
"1",""
"1","
"
"1"," "
"1",""
"1","$ "
"1",""
"1","briefing"
"1",""
"1",":"
"1"," chr "
"1",""
"1","""Everything smithj31 touched on the FSB shared drive between the 02:31 sign-in and the end of the session. The e""| __truncated__"
"1",""
"1","
"
"1"," "
"1",""
"1","$ "
"1",""
"1","session "
"1",""
"1",":"
"1","List"
"1",""
"1"," of "
"1",""
"1","6"
"1",""
"1","
"
"1","  .."
"1",""
"1","$ "
"1",""
"1","start         "
"1",""
"1",":"
"1"," chr "
"1",""
"1","""02:31"""
"1",""
"1","
"
"1","  .."
"1",""
"1","$ "
"1",""
"1","end           "
"1",""
"1",":"
"1"," chr "
"1",""
"1","""02:58"""
"1",""
"1","
"
"1","  .."
"1",""
"1","$ "
"1",""
"1","source_country"
"1",""
"1",":"
"1"," chr "
"1",""
"1","""Romania"""
"1",""
"1","
"
"1","  .."
"1",""
"1","$ "
"1",""
"1","source_ip     "
"1",""
"1",":"
"1"," chr "
"1",""
"1","""203.0.113.57"""
"1",""
"1","
"
"1","  .."
"1",""
"1","$ "
"1",""
"1","vpn_gateway_ip"
"1",""
"1",":"
"1"," chr "
"1",""
"1","""198.51.100.10"""
"1",""
"1","
"
"1","  .."
"1",""
"1","$ "
"1",""
"1","mfa           "
"1",""
"1",":"
"1"," chr "
"1",""
"1","""no"""
"1",""
"1","
"
"1"," "
"1",""
"1","$ "
"1",""
"1","events  "
"1",""
"1",":"
"1","'data.frame':	"
"1",""
"1","16"
"1",""
"1"," obs. of  "
"1",""
"1","5"
"1",""
"1"," variable"
"1",""
"1","s"
"1",""
"1",":"
"1",""
"1","
"
"1","  .."
"1",""
"1","$ "
"1",""
"1","event  "
"1",""
"1",":"
"1"," int [1:16] "
"1",""
"1","1 2 3 4 5 6 7 8 9 10"
"1",""
"1"," ..."
"1",""
"1","
"
"1","  .."
"1",""
"1","$ "
"1",""
"1","time   "
"1",""
"1",":"
"1"," chr [1:16] "
"1",""
"1","""02:32"" ""02:33"" ""02:35"" ""02:37"""
"1",""
"1"," ..."
"1",""
"1","
"
"1","  .."
"1",""
"1","$ "
"1",""
"1","file   "
"1",""
"1",":"
"1"," chr [1:16] "
"1",""
"1","""fsb_shared/README.txt"" ""fsb_shared/dept_directory.xlsx"" ""fsb_shared/dept_directory.xlsx"" ""fsb_shared/finance/budget_fy26.xlsx"""
"1",""
"1"," ..."
"1",""
"1","
"
"1","  .."
"1",""
"1","$ "
"1",""
"1","action "
"1",""
"1",":"
"1"," chr [1:16] "
"1",""
"1","""VIEW"" ""VIEW"" ""DOWNLOAD"" ""VIEW"""
"1",""
"1"," ..."
"1",""
"1","
"
"1","  .."
"1",""
"1","$ "
"1",""
"1","size_mb"
"1",""
"1",":"
"1"," num [1:16] "
"1",""
"1","0.01 0.4 0.4 2.1 2.1 5.6 0.2 1.3 1.3 0.3"
"1",""
"1"," ..."
"1",""
"1","
"
