"0","isa_page_in_r = rvest::read_html(""https://bulletin.miamioh.edu/courses-instruction/isa/"")"
"0",""
"0","# if all titles look that same on the page it means that they have the same class/tag which allows you to extract them"
"0",""
"0","isa_page_in_r |>"
"0","  rvest::html_elements("
"0","    ""#sc_sccoursedescs > div > p.courseblocktitle > strong"""
"0","  )"
"1","{"
"1",""
"1","xml"
"1",""
"1","_nodeset ("
"1",""
"1","50"
"1",""
"1",")}
"
"1"," [1] <strong>ISA 125.  Introduction to Business Statistics.  (3)</strong>"
"1","
"
"1"," [2] <strong>ISA 177.  Independent Studies.  (0-6; maximum 10)</strong>"
"1","
"
"1"," [3] <strong>ISA 211.  Information Technology and Data Driven Decision Making in Business.  (3)</strong>"
"1","
"
"1"," [4] <strong>ISA 225.  Principles of Business Analytics.  (3)</strong>"
"1","
"
"1"," [5] <strong>ISA 235.  Information Technology and the Intelligent Enterprise.  (3)</strong>"
"1","
"
"1"," [6] <strong>ISA 241.  Database for Analytics.  (1.5)</strong>"
"1","
"
"1"," [7] <strong>ISA 242.  Programming for Analytics.  (1.5)</strong>"
"1","
"
"1"," [8] <strong>ISA 250.  Basic Math for Analytics.  (3)</strong>"
"1","
"
"1"," [9] <strong>ISA 277.  Independent Studies.  (0-6; maximum 10)</strong>"
"1","
"
"1","[10] <strong>ISA 301.  Business Data Communications and Security.  (3)</strong>"
"1","
"
"1","[11] <strong>ISA 303.  Enterprise Systems.  (3)</strong>"
"1","
"
"1","[12] <strong>ISA 305.  Information Technology Governance, Risk Management, Security and Audit.  (3)</strong>"
"1","
"
"1","[13] <strong>ISA 321.  Optimization in Business Analytics.  (3)</strong>"
"1","
"
"1","[14] <strong>ISA 333.  Nonparametric Statistics.  (3)</strong>"
"1","
"
"1","[15] <strong>ISA 335.  Blockchain and Business Applications.  (3)</strong>"
"1","
"
"1","[16] <strong>ISA 336.  Generative AI in Business.  (3)</strong>"
"1","
"
"1","[17] <strong>ISA 340.  Internship.  (0-20)</strong>"
"1","
"
"1","[18] <strong>ISA 345.  Database Systems and Data Warehousing.  (3)</strong>"
"1","
"
"1","[19] <strong>ISA 365.  Statistical Monitoring and Design of Experiments.  (3)</strong>"
"1","
"
"1","[20] <strong>ISA 377.  Independent Studies.  (0-6; maximum 10)</strong>"
"1","
"
"1","...
"
