"0","# robots txt"
"0",""
"0","robotstxt::paths_allowed(paths = ""/courses-instruction/isa/"", domain = ""bulletin.miamioh.edu"", bot = ""*"")"
"1","[1]"
"1"," TRUE"
"1","
"
"0","robotstxt::paths_allowed(paths = ""/wiki/Miami_RedHawks_football"", domain = ""en.wikipedia.org"", bot = ""*"")"
"1","[1]"
"1"," TRUE"
"1","
"
"0","robotstxt::paths_allowed(paths = ""/jobs/"", domain = ""www.linkedin.com"", bot = ""*"")"
"1","[1]"
"1"," FALSE"
"1","
"
"0","robotstxt::paths_allowed(paths = ""/jobs and /viewjob"", domain = ""www.indeed.com"", bot = ""*"")"
"1","[1]"
"1"," TRUE"
"1","
"
